candidate_id,canonical_name,english_name,aliases,type,subtype,primary_domain,subdomain,secondary_domains,disciplines,priority,knowledge_level,stability,dependencies,recommended_batch,educational_reason,bridge_concept,duplicate_risk,candidate_status,editorial_status,verification_status,blocking_decision,notes
candidate-computacion,Computación,Computing,,concept,,domain-fundamentos-computacion,teoría y modelos de computación,,,essential,contextual-understanding,stable-foundation,,batch-006-foundations-core,"Candidato para reconocer Computación, distinguir su naturaleza y ubicar su contexto profesional sin convertir la ficha en tutorial.",no,low,mandatory,planned,pending,,
candidate-informacion,Información,Information,,concept,,domain-fundamentos-computacion,algoritmos y estructuras de datos,,,essential,contextual-understanding,stable-foundation,,batch-006-foundations-core,"Candidato para reconocer Información, distinguir su naturaleza y ubicar su contexto profesional sin convertir la ficha en tutorial.",no,low,mandatory,planned,pending,,
candidate-representacion-de-datos,Representación de datos,Data Representation,,concept,,domain-fundamentos-computacion,fundamentos de programación,domain-sistemas-computo-ciberfisicos|domain-datos-analitica,,essential,contextual-understanding,stable-foundation,candidate-informacion,batch-007-foundations-bridges,"Candidato para reconocer Representación de datos, distinguir su naturaleza y ubicar su contexto profesional sin convertir la ficha en tutorial.",yes,low,mandatory,planned,pending,,
candidate-algoritmo,Algoritmo,Algorithm,,concept,,domain-fundamentos-computacion,información y representación,domain-desarrollo-software|domain-datos-analitica|domain-inteligencia-artificial,,essential,contextual-understanding,stable-foundation,candidate-computacion,batch-007-foundations-bridges,"Candidato para reconocer Algoritmo, distinguir su naturaleza y ubicar su contexto profesional sin convertir la ficha en tutorial.",yes,low,mandatory,planned,pending,,
candidate-estructura-de-datos,Estructura de datos,Data Structure,,concept,,domain-fundamentos-computacion,teoría y modelos de computación,,,essential,contextual-understanding,stable-foundation,candidate-algoritmo,batch-006-foundations-core,"Candidato para reconocer Estructura de datos, distinguir su naturaleza y ubicar su contexto profesional sin convertir la ficha en tutorial.",no,low,mandatory,planned,pending,,
candidate-complejidad-computacional,Complejidad computacional,Computational Complexity,,concept,,domain-fundamentos-computacion,algoritmos y estructuras de datos,,,essential,contextual-understanding,stable-foundation,candidate-algoritmo,batch-006-foundations-core,"Candidato para reconocer Complejidad computacional, distinguir su naturaleza y ubicar su contexto profesional sin convertir la ficha en tutorial.",no,low,mandatory,planned,pending,,
candidate-abstraccion,Abstracción,Abstraction,,concept,,domain-fundamentos-computacion,fundamentos de programación,domain-desarrollo-software|domain-ingenieria-software|domain-integracion-sistemas-empresariales,,essential,contextual-understanding,stable-foundation,,batch-007-foundations-bridges,"Candidato para reconocer Abstracción, distinguir su naturaleza y ubicar su contexto profesional sin convertir la ficha en tutorial.",yes,low,mandatory,planned,pending,,
candidate-estado,Estado,State,,concept,,domain-fundamentos-computacion,información y representación,,,essential,contextual-understanding,stable-foundation,,batch-006-foundations-core,"Candidato para reconocer Estado, distinguir su naturaleza y ubicar su contexto profesional sin convertir la ficha en tutorial.",no,low,mandatory,planned,pending,,
candidate-funcion,Función,Function,,concept,,domain-fundamentos-computacion,teoría y modelos de computación,,,essential,contextual-understanding,stable-foundation,,batch-006-foundations-core,"Candidato para reconocer Función, distinguir su naturaleza y ubicar su contexto profesional sin convertir la ficha en tutorial.",no,medium: polisemia entre matemática y programación,mandatory,planned,pending,,
candidate-programacion,Programación,Programming,,concept,,domain-fundamentos-computacion,algoritmos y estructuras de datos,,,essential,contextual-understanding,stable-foundation,candidate-algoritmo,batch-006-foundations-core,"Candidato para reconocer Programación, distinguir su naturaleza y ubicar su contexto profesional sin convertir la ficha en tutorial.",no,low,mandatory,planned,pending,,
candidate-logica-booleana,Lógica booleana,Boolean Logic,,model,,domain-fundamentos-computacion,fundamentos de programación,,,important,contextual-understanding,stable-foundation,,batch-006-foundations-core,"Candidato para reconocer Lógica booleana, distinguir su naturaleza y ubicar su contexto profesional sin convertir la ficha en tutorial.",no,low,recommended,planned,pending,,
candidate-maquina-de-turing,Máquina de Turing,Turing Machine,,model,,domain-fundamentos-computacion,información y representación,,,important,contextual-understanding,stable-foundation,,batch-006-foundations-core,"Candidato para reconocer Máquina de Turing, distinguir su naturaleza y ubicar su contexto profesional sin convertir la ficha en tutorial.",no,low,recommended,planned,pending,,
candidate-paradigma-de-programacion,Paradigma de programación,Programming Paradigm,,paradigm,,domain-fundamentos-computacion,teoría y modelos de computación,,,important,contextual-understanding,stable-foundation,,batch-006-foundations-core,"Candidato para reconocer Paradigma de programación, distinguir su naturaleza y ubicar su contexto profesional sin convertir la ficha en tutorial.",no,low,recommended,planned,pending,,
candidate-pensamiento-computacional,Pensamiento computacional,Computational Thinking,,competency,,domain-fundamentos-computacion,algoritmos y estructuras de datos,,,important,recognition,slow-evolution,,batch-016-people-capabilities-core,"Candidato para reconocer Pensamiento computacional, distinguir su naturaleza y ubicar su contexto profesional sin convertir la ficha en tutorial.",no,low,recommended,planned,pending,,
candidate-descomposicion-de-problemas,Descomposición de problemas,Problem Decomposition,,technique,,domain-fundamentos-computacion,fundamentos de programación,,,specialized,recognition,slow-evolution,,batch-017-ways-of-working-core,"Candidato para reconocer Descomposición de problemas, distinguir su naturaleza y ubicar su contexto profesional sin convertir la ficha en tutorial.",no,low,optional,planned,pending,,
candidate-sistema-de-computo,Sistema de cómputo,Computer System,,concept,,domain-sistemas-computo-ciberfisicos,hardware y arquitectura de computadores,domain-fundamentos-computacion|domain-infraestructura-operacion,,essential,contextual-understanding,stable-foundation,candidate-computacion,batch-008-systems-networking-core,"Candidato para reconocer Sistema de cómputo, distinguir su naturaleza y ubicar su contexto profesional sin convertir la ficha en tutorial.",yes,low,mandatory,planned,pending,,
candidate-jerarquia-de-memoria,Jerarquía de memoria,Memory Hierarchy,,model,,domain-sistemas-computo-ciberfisicos,sistemas operativos,,,essential,contextual-understanding,stable-foundation,candidate-sistema-de-computo,batch-008-systems-networking-core,"Candidato para reconocer Jerarquía de memoria, distinguir su naturaleza y ubicar su contexto profesional sin convertir la ficha en tutorial.",no,low,mandatory,planned,pending,,
candidate-proceso-de-sistema-operativo,Proceso de sistema operativo,Operating System Process,,concept,,domain-sistemas-computo-ciberfisicos,embebidos y firmware,,,essential,contextual-understanding,stable-foundation,candidate-sistema-operativo,batch-008-systems-networking-core,"Candidato para reconocer Proceso de sistema operativo, distinguir su naturaleza y ubicar su contexto profesional sin convertir la ficha en tutorial.",no,medium: no confundir con process como forma de trabajo,mandatory,planned,pending,,
candidate-thread,Thread,Thread,,concept,,domain-sistemas-computo-ciberfisicos,IoT y sistemas ciberfísicos,,,essential,contextual-understanding,stable-foundation,candidate-proceso-de-sistema-operativo,batch-008-systems-networking-core,"Candidato para reconocer Thread, distinguir su naturaleza y ubicar su contexto profesional sin convertir la ficha en tutorial.",no,low,mandatory,planned,pending,,
candidate-sistema-embebido,Sistema embebido,Embedded System,,concept,,domain-sistemas-computo-ciberfisicos,hardware y arquitectura de computadores,,,essential,contextual-understanding,stable-foundation,,batch-008-systems-networking-core,"Candidato para reconocer Sistema embebido, distinguir su naturaleza y ubicar su contexto profesional sin convertir la ficha en tutorial.",no,low,mandatory,planned,pending,,
candidate-cpu,CPU,Central Processing Unit,procesador,technology,,domain-sistemas-computo-ciberfisicos,sistemas operativos,,,essential,contextual-understanding,changing-technology,,batch-018-specifications-implementations-core,"Candidato para reconocer CPU, distinguir su naturaleza y ubicar su contexto profesional sin convertir la ficha en tutorial.",no,low,mandatory,planned,pending,,
candidate-instruction-set-architecture,Instruction Set Architecture,Instruction Set Architecture,ISA,technology,,domain-sistemas-computo-ciberfisicos,embebidos y firmware,,,essential,contextual-understanding,changing-technology,,batch-018-specifications-implementations-core,"Candidato para reconocer Instruction Set Architecture, distinguir su naturaleza y ubicar su contexto profesional sin convertir la ficha en tutorial.",no,medium: architecture no significa arquitectura de software,mandatory,planned,pending,,
candidate-sistema-operativo,Sistema operativo,Operating System,OS,technology,,domain-sistemas-computo-ciberfisicos,IoT y sistemas ciberfísicos,domain-desarrollo-software|domain-infraestructura-operacion,,important,contextual-understanding,changing-technology,candidate-sistema-de-computo,batch-018-specifications-implementations-core,"Candidato para reconocer Sistema operativo, distinguir su naturaleza y ubicar su contexto profesional sin convertir la ficha en tutorial.",yes,low,recommended,planned,pending,,
candidate-file-system,File system,File System,,technology,,domain-sistemas-computo-ciberfisicos,hardware y arquitectura de computadores,,,important,contextual-understanding,changing-technology,,batch-018-specifications-implementations-core,"Candidato para reconocer File system, distinguir su naturaleza y ubicar su contexto profesional sin convertir la ficha en tutorial.",no,low,recommended,planned,pending,,
candidate-firmware,Firmware,Firmware,,technology,,domain-sistemas-computo-ciberfisicos,sistemas operativos,,,important,recognition,changing-technology,candidate-sistema-de-computo,batch-018-specifications-implementations-core,"Candidato para reconocer Firmware, distinguir su naturaleza y ubicar su contexto profesional sin convertir la ficha en tutorial.",no,low,recommended,planned,pending,,
candidate-internet-of-things,Internet of Things,Internet of Things,IoT|Internet de las cosas,technology,,domain-sistemas-computo-ciberfisicos,embebidos y firmware,,,emerging,recognition,emerging,candidate-sistema-embebido,batch-018-specifications-implementations-core,"Candidato para reconocer Internet of Things, distinguir su naturaleza y ubicar su contexto profesional sin convertir la ficha en tutorial.",no,low,optional,planned,pending,,"Requiere incertidumbre explícita, evidencia suficiente y revisión futura."
candidate-software,Software,Software,,concept,,domain-desarrollo-software,desarrollo web frontend,domain-ingenieria-software|domain-integracion-sistemas-empresariales|domain-producto-experiencia,,essential,contextual-understanding,stable-foundation,candidate-programacion,batch-009-software-construction-core,"Candidato para reconocer Software, distinguir su naturaleza y ubicar su contexto profesional sin convertir la ficha en tutorial.",yes,low,mandatory,planned,pending,,
candidate-programacion-orientada-a-objetos,Programación orientada a objetos,Object-Oriented Programming,OOP|POO,paradigm,,domain-desarrollo-software,backend y servicios,,,essential,contextual-understanding,stable-foundation,candidate-paradigma-de-programacion,batch-009-software-construction-core,"Candidato para reconocer Programación orientada a objetos, distinguir su naturaleza y ubicar su contexto profesional sin convertir la ficha en tutorial.",no,low,mandatory,planned,pending,,
candidate-programacion-funcional,Programación funcional,Functional Programming,,paradigm,,domain-desarrollo-software,desarrollo móvil,,,essential,contextual-understanding,stable-foundation,candidate-paradigma-de-programacion,batch-009-software-construction-core,"Candidato para reconocer Programación funcional, distinguir su naturaleza y ubicar su contexto profesional sin convertir la ficha en tutorial.",no,low,mandatory,planned,pending,,
candidate-backend-developer,Backend Developer,Backend Developer,desarrollador backend,role,,domain-desarrollo-software,prácticas de implementación,,,essential,contextual-understanding,slow-evolution,candidate-programacion,batch-016-people-capabilities-core,"Candidato para reconocer Backend Developer, distinguir su naturaleza y ubicar su contexto profesional sin convertir la ficha en tutorial.",no,low,mandatory,planned,pending,,
candidate-frontend-developer,Frontend Developer,Frontend Developer,desarrollador frontend,role,,domain-desarrollo-software,desarrollo web frontend,,,essential,contextual-understanding,slow-evolution,candidate-programacion,batch-016-people-capabilities-core,"Candidato para reconocer Frontend Developer, distinguir su naturaleza y ubicar su contexto profesional sin convertir la ficha en tutorial.",no,low,mandatory,planned,pending,,
candidate-debugging,Debugging,Debugging,,competency,,domain-desarrollo-software,backend y servicios,,,essential,contextual-understanding,slow-evolution,,batch-016-people-capabilities-core,"Candidato para reconocer Debugging, distinguir su naturaleza y ubicar su contexto profesional sin convertir la ficha en tutorial.",no,low,mandatory,planned,pending,,
candidate-version-control,Version control,Version Control,,practice,,domain-desarrollo-software,desarrollo móvil,,,essential,contextual-understanding,slow-evolution,,batch-017-ways-of-working-core,"Candidato para reconocer Version control, distinguir su naturaleza y ubicar su contexto profesional sin convertir la ficha en tutorial.",no,low,mandatory,planned,pending,,
candidate-pair-programming,Pair programming,Pair Programming,,practice,,domain-desarrollo-software,prácticas de implementación,,,essential,contextual-understanding,slow-evolution,,batch-017-ways-of-working-core,"Candidato para reconocer Pair programming, distinguir su naturaleza y ubicar su contexto profesional sin convertir la ficha en tutorial.",no,low,mandatory,planned,pending,,
candidate-lenguaje-de-programacion,Lenguaje de programación,Programming Language,,technology,,domain-desarrollo-software,desarrollo web frontend,,,essential,contextual-understanding,changing-technology,,batch-018-specifications-implementations-core,"Candidato para reconocer Lenguaje de programación, distinguir su naturaleza y ubicar su contexto profesional sin convertir la ficha en tutorial.",no,low,mandatory,planned,pending,,
candidate-compiler,Compiler,Compiler,,tool,,domain-desarrollo-software,backend y servicios,,,important,contextual-understanding,changing-tool-product,candidate-lenguaje-de-programacion,batch-018-specifications-implementations-core,"Candidato para reconocer Compiler, distinguir su naturaleza y ubicar su contexto profesional sin convertir la ficha en tutorial.",no,low,recommended,planned,pending,,
candidate-interpreter,Interpreter,Interpreter,,tool,,domain-desarrollo-software,desarrollo móvil,,,important,contextual-understanding,changing-tool-product,candidate-lenguaje-de-programacion,batch-018-specifications-implementations-core,"Candidato para reconocer Interpreter, distinguir su naturaleza y ubicar su contexto profesional sin convertir la ficha en tutorial.",no,low,recommended,planned,pending,,
candidate-runtime-environment,Runtime environment,Runtime Environment,,platform,,domain-desarrollo-software,prácticas de implementación,,,important,contextual-understanding,changing-tool-product,candidate-lenguaje-de-programacion,batch-018-specifications-implementations-core,"Candidato para reconocer Runtime environment, distinguir su naturaleza y ubicar su contexto profesional sin convertir la ficha en tutorial.",no,low,recommended,planned,pending,,
candidate-git,Git,Git,,tool,,domain-desarrollo-software,desarrollo web frontend,,,important,recognition,changing-tool-product,candidate-version-control,batch-018-specifications-implementations-core,"Candidato para reconocer Git, distinguir su naturaleza y ubicar su contexto profesional sin convertir la ficha en tutorial.",no,medium: separar herramienta de version control,recommended,planned,pending,,
candidate-dependency-injection,Dependency Injection,Dependency Injection,,pattern,,domain-desarrollo-software,backend y servicios,,,specialized,recognition,slow-evolution,,batch-009-software-construction-core,"Candidato para reconocer Dependency Injection, distinguir su naturaleza y ubicar su contexto profesional sin convertir la ficha en tutorial.",no,"medium: puede nombrar patrón, técnica o mecanismo de framework",optional,planned,pending,,
candidate-source-code,Source code,Source Code,,artifact,,domain-desarrollo-software,desarrollo móvil,,,specialized,recognition,slow-evolution,,batch-019-artifacts-measurement-core,"Candidato para reconocer Source code, distinguir su naturaleza y ubicar su contexto profesional sin convertir la ficha en tutorial.",no,low,optional,planned,pending,,
candidate-calidad-de-software,Calidad de software,Software Quality,,concept,,domain-ingenieria-software,ingeniería de requisitos,domain-desarrollo-software|domain-infraestructura-operacion|domain-producto-experiencia,quality,essential,contextual-understanding,stable-foundation,,batch-010-software-engineering-core,"Candidato para reconocer Calidad de software, distinguir su naturaleza y ubicar su contexto profesional sin convertir la ficha en tutorial.",yes,low,mandatory,planned,pending,,
candidate-technical-debt,Technical debt,Technical Debt,,concept,,domain-ingenieria-software,diseño y arquitectura de software,,,essential,contextual-understanding,stable-foundation,,batch-010-software-engineering-core,"Candidato para reconocer Technical debt, distinguir su naturaleza y ubicar su contexto profesional sin convertir la ficha en tutorial.",no,low,mandatory,planned,pending,,
candidate-software-architect,Software Architect,Software Architect,,role,,domain-ingenieria-software,ciclo de vida y evolución,,,essential,contextual-understanding,slow-evolution,,batch-016-people-capabilities-core,"Candidato para reconocer Software Architect, distinguir su naturaleza y ubicar su contexto profesional sin convertir la ficha en tutorial.",no,low,mandatory,planned,pending,,
candidate-analisis-de-requisitos,Análisis de requisitos,Requirements Analysis,,competency,,domain-ingenieria-software,calidad y pruebas,,,essential,contextual-understanding,slow-evolution,,batch-016-people-capabilities-core,"Candidato para reconocer Análisis de requisitos, distinguir su naturaleza y ubicar su contexto profesional sin convertir la ficha en tutorial.",no,low,mandatory,planned,pending,,
candidate-requirements-engineering,Requirements engineering,Requirements Engineering,,process,,domain-ingenieria-software,ingeniería de requisitos,,,essential,contextual-understanding,slow-evolution,,batch-017-ways-of-working-core,"Candidato para reconocer Requirements engineering, distinguir su naturaleza y ubicar su contexto profesional sin convertir la ficha en tutorial.",no,low,mandatory,planned,pending,,
candidate-code-review,Code review,Code Review,,practice,,domain-ingenieria-software,diseño y arquitectura de software,,,essential,contextual-understanding,slow-evolution,candidate-source-code,batch-017-ways-of-working-core,"Candidato para reconocer Code review, distinguir su naturaleza y ubicar su contexto profesional sin convertir la ficha en tutorial.",no,low,mandatory,planned,pending,,
candidate-continuous-integration,Continuous Integration,Continuous Integration,CI|integración continua,practice,,domain-ingenieria-software,ciclo de vida y evolución,,,essential,contextual-understanding,slow-evolution,candidate-version-control,batch-017-ways-of-working-core,"Candidato para reconocer Continuous Integration, distinguir su naturaleza y ubicar su contexto profesional sin convertir la ficha en tutorial.",no,low,mandatory,planned,pending,,
candidate-layered-architecture,Layered Architecture,Layered Architecture,,architectural-style,,domain-ingenieria-software,calidad y pruebas,,,essential,contextual-understanding,slow-evolution,,batch-010-software-engineering-core,"Candidato para reconocer Layered Architecture, distinguir su naturaleza y ubicar su contexto profesional sin convertir la ficha en tutorial.",no,low,mandatory,planned,pending,,
candidate-microservices-architecture,Microservices Architecture,Microservices Architecture,,architectural-style,,domain-ingenieria-software,ingeniería de requisitos,,,essential,contextual-understanding,slow-evolution,,batch-010-software-engineering-core,"Candidato para reconocer Microservices Architecture, distinguir su naturaleza y ubicar su contexto profesional sin convertir la ficha en tutorial.",no,medium: no equivale a servicios pequeños,mandatory,planned,pending,,
candidate-hexagonal-architecture,Hexagonal Architecture,Hexagonal Architecture,,architectural-style,,domain-ingenieria-software,diseño y arquitectura de software,,,important,contextual-understanding,slow-evolution,,batch-010-software-engineering-core,"Candidato para reconocer Hexagonal Architecture, distinguir su naturaleza y ubicar su contexto profesional sin convertir la ficha en tutorial.",no,low,recommended,planned,pending,,
candidate-circuit-breaker,Circuit Breaker,Circuit Breaker,,pattern,,domain-ingenieria-software,ciclo de vida y evolución,,,important,contextual-understanding,slow-evolution,,batch-010-software-engineering-core,"Candidato para reconocer Circuit Breaker, distinguir su naturaleza y ubicar su contexto profesional sin convertir la ficha en tutorial.",no,low,recommended,planned,pending,,
candidate-repository-pattern,Repository Pattern,Repository Pattern,,pattern,,domain-ingenieria-software,calidad y pruebas,,,important,contextual-understanding,slow-evolution,,batch-010-software-engineering-core,"Candidato para reconocer Repository Pattern, distinguir su naturaleza y ubicar su contexto profesional sin convertir la ficha en tutorial.",no,medium: no confundir con repositorio de código,recommended,planned,pending,,
candidate-strangler-fig-pattern,Strangler Fig Pattern,Strangler Fig Pattern,,pattern,,domain-ingenieria-software,ingeniería de requisitos,,,important,contextual-understanding,slow-evolution,,batch-010-software-engineering-core,"Candidato para reconocer Strangler Fig Pattern, distinguir su naturaleza y ubicar su contexto profesional sin convertir la ficha en tutorial.",no,low,recommended,planned,pending,,
candidate-architecture-decision-record,Architecture Decision Record,Architecture Decision Record,ADR,artifact,,domain-ingenieria-software,diseño y arquitectura de software,,,specialized,recognition,slow-evolution,candidate-software-architect,batch-019-artifacts-measurement-core,"Candidato para reconocer Architecture Decision Record, distinguir su naturaleza y ubicar su contexto profesional sin convertir la ficha en tutorial.",no,low,optional,planned,pending,,
candidate-software-requirements-specification,Software Requirements Specification,Software Requirements Specification,SRS,artifact,,domain-ingenieria-software,ciclo de vida y evolución,,,specialized,recognition,slow-evolution,candidate-requirements-engineering,batch-019-artifacts-measurement-core,"Candidato para reconocer Software Requirements Specification, distinguir su naturaleza y ubicar su contexto profesional sin convertir la ficha en tutorial.",no,low,optional,planned,pending,,
candidate-red-de-computadoras,Red de computadoras,Computer Network,,concept,,domain-redes-telecomunicaciones,fundamentos y protocolos,domain-sistemas-computo-ciberfisicos|domain-infraestructura-operacion|domain-integracion-sistemas-empresariales,,essential,contextual-understanding,stable-foundation,candidate-sistema-de-computo,batch-008-systems-networking-core,"Candidato para reconocer Red de computadoras, distinguir su naturaleza y ubicar su contexto profesional sin convertir la ficha en tutorial.",yes,low,mandatory,planned,pending,,
candidate-network-engineer,Network Engineer,Network Engineer,,role,,domain-redes-telecomunicaciones,redes empresariales,,,essential,contextual-understanding,slow-evolution,,batch-016-people-capabilities-core,"Candidato para reconocer Network Engineer, distinguir su naturaleza y ubicar su contexto profesional sin convertir la ficha en tutorial.",no,low,mandatory,planned,pending,,
candidate-diagnostico-de-redes,Diagnóstico de redes,Network Troubleshooting,,competency,,domain-redes-telecomunicaciones,Internet y servicios de red,,,essential,contextual-understanding,slow-evolution,,batch-016-people-capabilities-core,"Candidato para reconocer Diagnóstico de redes, distinguir su naturaleza y ubicar su contexto profesional sin convertir la ficha en tutorial.",no,low,mandatory,planned,pending,,
candidate-routing,Routing,Routing,,process,,domain-redes-telecomunicaciones,operación de redes,,,essential,contextual-understanding,slow-evolution,,batch-017-ways-of-working-core,"Candidato para reconocer Routing, distinguir su naturaleza y ubicar su contexto profesional sin convertir la ficha en tutorial.",no,low,mandatory,planned,pending,,
candidate-internet-protocol,Internet Protocol,Internet Protocol,IP,protocol,,domain-redes-telecomunicaciones,fundamentos y protocolos,,,essential,contextual-understanding,versioned-standard,,batch-018-specifications-implementations-core,"Candidato para reconocer Internet Protocol, distinguir su naturaleza y ubicar su contexto profesional sin convertir la ficha en tutorial.",no,low,mandatory,planned,pending,,
candidate-transmission-control-protocol,Transmission Control Protocol,Transmission Control Protocol,TCP,protocol,,domain-redes-telecomunicaciones,redes empresariales,,,essential,contextual-understanding,versioned-standard,candidate-internet-protocol,batch-018-specifications-implementations-core,"Candidato para reconocer Transmission Control Protocol, distinguir su naturaleza y ubicar su contexto profesional sin convertir la ficha en tutorial.",no,low,mandatory,planned,pending,,
candidate-user-datagram-protocol,User Datagram Protocol,User Datagram Protocol,UDP,protocol,,domain-redes-telecomunicaciones,Internet y servicios de red,,,essential,contextual-understanding,versioned-standard,candidate-internet-protocol,batch-018-specifications-implementations-core,"Candidato para reconocer User Datagram Protocol, distinguir su naturaleza y ubicar su contexto profesional sin convertir la ficha en tutorial.",no,low,mandatory,planned,pending,,
candidate-domain-name-system,Domain Name System,Domain Name System,DNS,protocol,,domain-redes-telecomunicaciones,operación de redes,,,important,contextual-understanding,versioned-standard,candidate-internet-protocol,batch-018-specifications-implementations-core,"Candidato para reconocer Domain Name System, distinguir su naturaleza y ubicar su contexto profesional sin convertir la ficha en tutorial.",no,medium: puede aparecer como protocolo y servicio,recommended,planned,pending,,
candidate-wi-fi,Wi-Fi,Wi-Fi,,standard,,domain-redes-telecomunicaciones,fundamentos y protocolos,,,important,contextual-understanding,versioned-standard,,batch-018-specifications-implementations-core,"Candidato para reconocer Wi-Fi, distinguir su naturaleza y ubicar su contexto profesional sin convertir la ficha en tutorial.",no,low,recommended,planned,pending,,
candidate-ethernet,Ethernet,Ethernet,,standard,,domain-redes-telecomunicaciones,redes empresariales,,,important,recognition,versioned-standard,,batch-018-specifications-implementations-core,"Candidato para reconocer Ethernet, distinguir su naturaleza y ubicar su contexto profesional sin convertir la ficha en tutorial.",no,low,recommended,planned,pending,,
candidate-latencia,Latencia,Latency,,metric,,domain-redes-telecomunicaciones,Internet y servicios de red,,,specialized,recognition,slow-evolution,,batch-019-artifacts-measurement-core,"Candidato para reconocer Latencia, distinguir su naturaleza y ubicar su contexto profesional sin convertir la ficha en tutorial.",no,medium: distinguir propiedad de su medición,optional,planned,pending,,
candidate-observabilidad,Observabilidad,Observability,,concept,,domain-infraestructura-operacion,"infraestructura, virtualización y cloud",domain-ingenieria-software|domain-redes-telecomunicaciones|domain-datos-analitica|domain-inteligencia-artificial,observability,essential,contextual-understanding,stable-foundation,,batch-011-infrastructure-security-core,"Candidato para reconocer Observabilidad, distinguir su naturaleza y ubicar su contexto profesional sin convertir la ficha en tutorial.",yes,low,mandatory,planned,pending,,
candidate-devops,DevOps,DevOps,,conceptual-orientation,,domain-infraestructura-operacion,contenedores y orquestación,,,essential,contextual-understanding,stable-foundation,,batch-011-infrastructure-security-core,"Candidato para reconocer DevOps, distinguir su naturaleza y ubicar su contexto profesional sin convertir la ficha en tutorial.",no,"medium: no es herramienta, puesto ni equipo universal",mandatory,planned,pending,,
candidate-site-reliability-engineer,Site Reliability Engineer,Site Reliability Engineer,SRE,role,,domain-infraestructura-operacion,"entrega, automatización DevOps e ingeniería de plataformas",,,essential,contextual-understanding,slow-evolution,,batch-016-people-capabilities-core,"Candidato para reconocer Site Reliability Engineer, distinguir su naturaleza y ubicar su contexto profesional sin convertir la ficha en tutorial.",no,"medium: SRE puede nombrar disciplina, rol o equipo",mandatory,planned,pending,,
candidate-platform-engineer,Platform Engineer,Platform Engineer,,role,,domain-infraestructura-operacion,"confiabilidad, SRE y observabilidad",,,essential,contextual-understanding,slow-evolution,,batch-016-people-capabilities-core,"Candidato para reconocer Platform Engineer, distinguir su naturaleza y ubicar su contexto profesional sin convertir la ficha en tutorial.",no,medium: separar rol de Platform Engineering,mandatory,planned,pending,,
candidate-coordinacion-de-incidentes,Coordinación de incidentes,Incident Coordination,,competency,,domain-infraestructura-operacion,"infraestructura, virtualización y cloud",,,essential,contextual-understanding,slow-evolution,,batch-016-people-capabilities-core,"Candidato para reconocer Coordinación de incidentes, distinguir su naturaleza y ubicar su contexto profesional sin convertir la ficha en tutorial.",no,low,mandatory,planned,pending,,
candidate-infrastructure-as-code,Infrastructure as Code,Infrastructure as Code,IaC|infraestructura como código,practice,,domain-infraestructura-operacion,contenedores y orquestación,,,essential,contextual-understanding,slow-evolution,,batch-017-ways-of-working-core,"Candidato para reconocer Infrastructure as Code, distinguir su naturaleza y ubicar su contexto profesional sin convertir la ficha en tutorial.",no,low,mandatory,planned,pending,,
candidate-monitoring,Monitoring,Monitoring,,practice,,domain-infraestructura-operacion,"entrega, automatización DevOps e ingeniería de plataformas",,,essential,contextual-understanding,slow-evolution,,batch-017-ways-of-working-core,"Candidato para reconocer Monitoring, distinguir su naturaleza y ubicar su contexto profesional sin convertir la ficha en tutorial.",no,medium: no tratar como sinónimo de observabilidad,mandatory,planned,pending,,
candidate-incident-management,Incident management,Incident Management,,process,,domain-infraestructura-operacion,"confiabilidad, SRE y observabilidad",,,essential,contextual-understanding,slow-evolution,,batch-017-ways-of-working-core,"Candidato para reconocer Incident management, distinguir su naturaleza y ubicar su contexto profesional sin convertir la ficha en tutorial.",no,low,mandatory,planned,pending,,
candidate-cloud-computing,Cloud computing,Cloud Computing,,technology,,domain-infraestructura-operacion,"infraestructura, virtualización y cloud",domain-redes-telecomunicaciones|domain-ciberseguridad-riesgo|domain-datos-analitica,,essential,contextual-understanding,changing-technology,candidate-sistema-de-computo|candidate-red-de-computadoras,batch-018-specifications-implementations-core,"Candidato para reconocer Cloud computing, distinguir su naturaleza y ubicar su contexto profesional sin convertir la ficha en tutorial.",yes,low,mandatory,planned,pending,,
candidate-virtualizacion,Virtualización,Virtualization,,technology,,domain-infraestructura-operacion,contenedores y orquestación,,,essential,contextual-understanding,changing-technology,candidate-sistema-operativo,batch-018-specifications-implementations-core,"Candidato para reconocer Virtualización, distinguir su naturaleza y ubicar su contexto profesional sin convertir la ficha en tutorial.",no,low,mandatory,planned,pending,,
candidate-container,Container,Container,,technology,,domain-infraestructura-operacion,"entrega, automatización DevOps e ingeniería de plataformas",,,important,contextual-understanding,changing-technology,candidate-sistema-operativo,batch-018-specifications-implementations-core,"Candidato para reconocer Container, distinguir su naturaleza y ubicar su contexto profesional sin convertir la ficha en tutorial.",no,low,recommended,planned,pending,,
candidate-kubernetes,Kubernetes,Kubernetes,K8s,platform,,domain-infraestructura-operacion,"confiabilidad, SRE y observabilidad",,,important,contextual-understanding,changing-tool-product,candidate-container,batch-018-specifications-implementations-core,"Candidato para reconocer Kubernetes, distinguir su naturaleza y ubicar su contexto profesional sin convertir la ficha en tutorial.",no,low,recommended,planned,pending,,
candidate-internal-developer-platform,Internal Developer Platform,Internal Developer Platform,IDP,platform,,domain-infraestructura-operacion,"infraestructura, virtualización y cloud",,,emerging,contextual-understanding,emerging,candidate-cloud-computing,batch-018-specifications-implementations-core,"Candidato para reconocer Internal Developer Platform, distinguir su naturaleza y ubicar su contexto profesional sin convertir la ficha en tutorial.",no,medium: IDP también significa Identity Provider,optional,planned,pending,,"Requiere incertidumbre explícita, evidencia suficiente y revisión futura."
candidate-terraform,Terraform,Terraform,,tool,,domain-infraestructura-operacion,contenedores y orquestación,,,important,recognition,changing-tool-product,candidate-infrastructure-as-code,batch-018-specifications-implementations-core,"Candidato para reconocer Terraform, distinguir su naturaleza y ubicar su contexto profesional sin convertir la ficha en tutorial.",no,low,recommended,planned,pending,,
candidate-runbook,Runbook,Runbook,,artifact,,domain-infraestructura-operacion,"entrega, automatización DevOps e ingeniería de plataformas",,,specialized,recognition,slow-evolution,,batch-019-artifacts-measurement-core,"Candidato para reconocer Runbook, distinguir su naturaleza y ubicar su contexto profesional sin convertir la ficha en tutorial.",no,low,optional,planned,pending,,
candidate-disponibilidad,Disponibilidad,Availability,,metric,,domain-infraestructura-operacion,"confiabilidad, SRE y observabilidad",,,specialized,recognition,slow-evolution,,batch-019-artifacts-measurement-core,"Candidato para reconocer Disponibilidad, distinguir su naturaleza y ubicar su contexto profesional sin convertir la ficha en tutorial.",no,"medium: distinguir atributo, métrica e indicador",optional,planned,pending,,
candidate-cia-triad,CIA Triad,CIA Triad,triada CID,model,,domain-ciberseguridad-riesgo,fundamentos y arquitectura de seguridad,,,essential,contextual-understanding,stable-foundation,,batch-011-infrastructure-security-core,"Candidato para reconocer CIA Triad, distinguir su naturaleza y ubicar su contexto profesional sin convertir la ficha en tutorial.",no,low,mandatory,planned,pending,,
candidate-threat,Threat,Threat,,concept,,domain-ciberseguridad-riesgo,identidad y acceso,,,essential,contextual-understanding,stable-foundation,,batch-011-infrastructure-security-core,"Candidato para reconocer Threat, distinguir su naturaleza y ubicar su contexto profesional sin convertir la ficha en tutorial.",no,low,mandatory,planned,pending,,
candidate-vulnerability,Vulnerability,Vulnerability,,concept,,domain-ciberseguridad-riesgo,operaciones de seguridad,,,essential,contextual-understanding,stable-foundation,,batch-011-infrastructure-security-core,"Candidato para reconocer Vulnerability, distinguir su naturaleza y ubicar su contexto profesional sin convertir la ficha en tutorial.",no,low,mandatory,planned,pending,,
candidate-riesgo-tecnologico,Riesgo tecnológico,Technology Risk,,concept,,domain-ciberseguridad-riesgo,"privacidad, riesgo y cumplimiento",domain-estrategia-gobierno-liderazgo|domain-infraestructura-operacion|domain-datos-analitica,risk-management,essential,contextual-understanding,stable-foundation,candidate-threat|candidate-vulnerability,batch-011-infrastructure-security-core,"Candidato para reconocer Riesgo tecnológico, distinguir su naturaleza y ubicar su contexto profesional sin convertir la ficha en tutorial.",yes,low,mandatory,planned,pending,,
candidate-privacidad,Privacidad,Privacy,,concept,,domain-ciberseguridad-riesgo,fundamentos y arquitectura de seguridad,domain-datos-analitica|domain-producto-experiencia|domain-inteligencia-artificial,privacy,essential,contextual-understanding,stable-foundation,candidate-informacion,batch-011-infrastructure-security-core,"Candidato para reconocer Privacidad, distinguir su naturaleza y ubicar su contexto profesional sin convertir la ficha en tutorial.",yes,low,mandatory,planned,pending,,
candidate-least-privilege,Least Privilege,Least Privilege,,principle,,domain-ciberseguridad-riesgo,identidad y acceso,,,essential,contextual-understanding,stable-foundation,candidate-riesgo-tecnologico,batch-011-infrastructure-security-core,"Candidato para reconocer Least Privilege, distinguir su naturaleza y ubicar su contexto profesional sin convertir la ficha en tutorial.",no,low,mandatory,planned,pending,,
candidate-zero-trust,Zero Trust,Zero Trust,,model,,domain-ciberseguridad-riesgo,operaciones de seguridad,,,essential,contextual-understanding,stable-foundation,,batch-011-infrastructure-security-core,"Candidato para reconocer Zero Trust, distinguir su naturaleza y ubicar su contexto profesional sin convertir la ficha en tutorial.",no,"medium: modelo o enfoque, no producto",mandatory,planned,pending,,
candidate-security-analyst,Security Analyst,Security Analyst,,role,,domain-ciberseguridad-riesgo,"privacidad, riesgo y cumplimiento",,,essential,contextual-understanding,slow-evolution,,batch-016-people-capabilities-core,"Candidato para reconocer Security Analyst, distinguir su naturaleza y ubicar su contexto profesional sin convertir la ficha en tutorial.",no,low,mandatory,planned,pending,,
candidate-analisis-de-amenazas,Análisis de amenazas,Threat Analysis,,competency,,domain-ciberseguridad-riesgo,fundamentos y arquitectura de seguridad,,,essential,contextual-understanding,slow-evolution,,batch-016-people-capabilities-core,"Candidato para reconocer Análisis de amenazas, distinguir su naturaleza y ubicar su contexto profesional sin convertir la ficha en tutorial.",no,low,mandatory,planned,pending,,
candidate-threat-modeling,Threat modeling,Threat Modeling,,technique,,domain-ciberseguridad-riesgo,identidad y acceso,,,important,contextual-understanding,slow-evolution,candidate-threat|candidate-vulnerability,batch-017-ways-of-working-core,"Candidato para reconocer Threat modeling, distinguir su naturaleza y ubicar su contexto profesional sin convertir la ficha en tutorial.",no,low,recommended,planned,pending,,
candidate-incident-response,Incident response,Incident Response,,process,,domain-ciberseguridad-riesgo,operaciones de seguridad,,,important,contextual-understanding,slow-evolution,,batch-017-ways-of-working-core,"Candidato para reconocer Incident response, distinguir su naturaleza y ubicar su contexto profesional sin convertir la ficha en tutorial.",no,low,recommended,planned,pending,,
candidate-oauth-2-0,OAuth 2.0,OAuth 2.0,,protocol,,domain-ciberseguridad-riesgo,"privacidad, riesgo y cumplimiento",,,important,contextual-understanding,versioned-standard,candidate-hypertext-transfer-protocol,batch-018-specifications-implementations-core,"Candidato para reconocer OAuth 2.0, distinguir su naturaleza y ubicar su contexto profesional sin convertir la ficha en tutorial.",no,medium: no confundir autorización delegada con autenticación,recommended,planned,pending,,
candidate-transport-layer-security,Transport Layer Security,Transport Layer Security,TLS,protocol,,domain-ciberseguridad-riesgo,fundamentos y arquitectura de seguridad,,,important,recognition,versioned-standard,candidate-transmission-control-protocol,batch-018-specifications-implementations-core,"Candidato para reconocer Transport Layer Security, distinguir su naturaleza y ubicar su contexto profesional sin convertir la ficha en tutorial.",no,low,recommended,planned,pending,,
candidate-iso-iec-27001,ISO/IEC 27001,ISO/IEC 27001,,standard,,domain-ciberseguridad-riesgo,identidad y acceso,,,important,recognition,versioned-standard,,batch-018-specifications-implementations-core,"Candidato para reconocer ISO/IEC 27001, distinguir su naturaleza y ubicar su contexto profesional sin convertir la ficha en tutorial.",no,low,recommended,planned,pending,,
candidate-indicador-de-riesgo-de-seguridad,Indicador de riesgo de seguridad,Security Risk Indicator,,indicator,,domain-ciberseguridad-riesgo,operaciones de seguridad,,,specialized,recognition,slow-evolution,,batch-019-artifacts-measurement-core,"Candidato para reconocer Indicador de riesgo de seguridad, distinguir su naturaleza y ubicar su contexto profesional sin convertir la ficha en tutorial.",no,low,optional,planned,pending,,
candidate-database,Database,Database,,concept,,domain-datos-analitica,bases de datos,,,essential,contextual-understanding,stable-foundation,candidate-representacion-de-datos,batch-012-data-ai-core,"Candidato para reconocer Database, distinguir su naturaleza y ubicar su contexto profesional sin convertir la ficha en tutorial.",no,low,mandatory,planned,pending,,
candidate-relational-model,Relational model,Relational Model,,model,,domain-datos-analitica,arquitectura y gestión de datos,,,essential,contextual-understanding,stable-foundation,candidate-database,batch-012-data-ai-core,"Candidato para reconocer Relational model, distinguir su naturaleza y ubicar su contexto profesional sin convertir la ficha en tutorial.",no,low,mandatory,planned,pending,,
candidate-data-warehouse,Data warehouse,Data Warehouse,,concept,,domain-datos-analitica,ingeniería de datos,,,essential,contextual-understanding,stable-foundation,candidate-database,batch-012-data-ai-core,"Candidato para reconocer Data warehouse, distinguir su naturaleza y ubicar su contexto profesional sin convertir la ficha en tutorial.",no,low,mandatory,planned,pending,,
candidate-data-governance,Data governance,Data Governance,,concept,,domain-datos-analitica,BI y analítica,domain-estrategia-gobierno-liderazgo|domain-ciberseguridad-riesgo|domain-inteligencia-artificial,governance,essential,contextual-understanding,stable-foundation,candidate-informacion,batch-012-data-ai-core,"Candidato para reconocer Data governance, distinguir su naturaleza y ubicar su contexto profesional sin convertir la ficha en tutorial.",yes,low,mandatory,planned,pending,,
candidate-data-engineer,Data Engineer,Data Engineer,,role,,domain-datos-analitica,bases de datos,,,essential,contextual-understanding,slow-evolution,candidate-database,batch-016-people-capabilities-core,"Candidato para reconocer Data Engineer, distinguir su naturaleza y ubicar su contexto profesional sin convertir la ficha en tutorial.",no,low,mandatory,planned,pending,,
candidate-data-analyst,Data Analyst,Data Analyst,,role,,domain-datos-analitica,arquitectura y gestión de datos,,,essential,contextual-understanding,slow-evolution,candidate-database,batch-016-people-capabilities-core,"Candidato para reconocer Data Analyst, distinguir su naturaleza y ubicar su contexto profesional sin convertir la ficha en tutorial.",no,low,mandatory,planned,pending,,
candidate-modelado-de-datos,Modelado de datos,Data Modeling,,competency,,domain-datos-analitica,ingeniería de datos,,,essential,contextual-understanding,slow-evolution,,batch-016-people-capabilities-core,"Candidato para reconocer Modelado de datos, distinguir su naturaleza y ubicar su contexto profesional sin convertir la ficha en tutorial.",no,low,mandatory,planned,pending,,
candidate-extract-transform-load,Extract Transform Load,Extract Transform Load,ETL,process,,domain-datos-analitica,BI y analítica,,,essential,contextual-understanding,slow-evolution,candidate-database,batch-017-ways-of-working-core,"Candidato para reconocer Extract Transform Load, distinguir su naturaleza y ubicar su contexto profesional sin convertir la ficha en tutorial.",no,low,mandatory,planned,pending,,
candidate-data-pipeline,Data pipeline,Data Pipeline,,process,,domain-datos-analitica,bases de datos,,,essential,contextual-understanding,slow-evolution,candidate-extract-transform-load,batch-017-ways-of-working-core,"Candidato para reconocer Data pipeline, distinguir su naturaleza y ubicar su contexto profesional sin convertir la ficha en tutorial.",no,low,mandatory,planned,pending,,
candidate-data-profiling,Data profiling,Data Profiling,,technique,,domain-datos-analitica,arquitectura y gestión de datos,,,important,contextual-understanding,slow-evolution,,batch-017-ways-of-working-core,"Candidato para reconocer Data profiling, distinguir su naturaleza y ubicar su contexto profesional sin convertir la ficha en tutorial.",no,low,recommended,planned,pending,,
candidate-lambda-architecture,Lambda Architecture,Lambda Architecture,,architectural-style,,domain-datos-analitica,ingeniería de datos,,,important,contextual-understanding,slow-evolution,,batch-012-data-ai-core,"Candidato para reconocer Lambda Architecture, distinguir su naturaleza y ubicar su contexto profesional sin convertir la ficha en tutorial.",no,low,recommended,planned,pending,,
candidate-sql,SQL,Structured Query Language,,standard,,domain-datos-analitica,BI y analítica,,,important,contextual-understanding,versioned-standard,,batch-018-specifications-implementations-core,"Candidato para reconocer SQL, distinguir su naturaleza y ubicar su contexto profesional sin convertir la ficha en tutorial.",no,medium: estándar con dialectos de implementación,recommended,planned,pending,,
candidate-relational-database,Relational database,Relational Database,,technology,,domain-datos-analitica,bases de datos,,,important,recognition,changing-technology,candidate-relational-model,batch-018-specifications-implementations-core,"Candidato para reconocer Relational database, distinguir su naturaleza y ubicar su contexto profesional sin convertir la ficha en tutorial.",no,low,recommended,planned,pending,,
candidate-data-dictionary,Data dictionary,Data Dictionary,,artifact,,domain-datos-analitica,arquitectura y gestión de datos,,,important,recognition,slow-evolution,,batch-019-artifacts-measurement-core,"Candidato para reconocer Data dictionary, distinguir su naturaleza y ubicar su contexto profesional sin convertir la ficha en tutorial.",no,low,recommended,planned,pending,,
candidate-completitud-de-datos,Completitud de datos,Data Completeness,,metric,,domain-datos-analitica,ingeniería de datos,,,specialized,recognition,slow-evolution,,batch-019-artifacts-measurement-core,"Candidato para reconocer Completitud de datos, distinguir su naturaleza y ubicar su contexto profesional sin convertir la ficha en tutorial.",no,low,optional,planned,pending,,
candidate-artificial-intelligence,Artificial Intelligence,Artificial Intelligence,AI|IA|inteligencia artificial,concept,,domain-inteligencia-artificial,fundamentos y sistemas inteligentes,domain-datos-analitica|domain-desarrollo-software|domain-estrategia-gobierno-liderazgo,,essential,contextual-understanding,stable-foundation,candidate-algoritmo,batch-012-data-ai-core,"Candidato para reconocer Artificial Intelligence, distinguir su naturaleza y ubicar su contexto profesional sin convertir la ficha en tutorial.",yes,low,mandatory,planned,pending,,
candidate-machine-learning,Machine Learning,Machine Learning,ML|aprendizaje automático,concept,,domain-inteligencia-artificial,machine learning,,,essential,contextual-understanding,stable-foundation,candidate-artificial-intelligence|candidate-data-pipeline,batch-012-data-ai-core,"Candidato para reconocer Machine Learning, distinguir su naturaleza y ubicar su contexto profesional sin convertir la ficha en tutorial.",no,low,mandatory,planned,pending,,
candidate-deep-learning,Deep Learning,Deep Learning,,concept,,domain-inteligencia-artificial,IA generativa,,,essential,contextual-understanding,stable-foundation,candidate-machine-learning,batch-012-data-ai-core,"Candidato para reconocer Deep Learning, distinguir su naturaleza y ubicar su contexto profesional sin convertir la ficha en tutorial.",no,low,mandatory,planned,pending,,
candidate-neural-network,Neural network,Neural Network,,model,,domain-inteligencia-artificial,"ingeniería, evaluación y gobierno de IA",,,essential,contextual-understanding,stable-foundation,candidate-machine-learning,batch-012-data-ai-core,"Candidato para reconocer Neural network, distinguir su naturaleza y ubicar su contexto profesional sin convertir la ficha en tutorial.",no,low,mandatory,planned,pending,,
candidate-large-language-model,Large Language Model,Large Language Model,LLM,model,,domain-inteligencia-artificial,fundamentos y sistemas inteligentes,,,emerging,contextual-understanding,emerging,candidate-deep-learning,batch-012-data-ai-core,"Candidato para reconocer Large Language Model, distinguir su naturaleza y ubicar su contexto profesional sin convertir la ficha en tutorial.",no,medium: separar familia de modelos de productos,optional,planned,pending,,"Requiere incertidumbre explícita, evidencia suficiente y revisión futura."
candidate-ai-engineer,AI Engineer,AI Engineer,,role,,domain-inteligencia-artificial,machine learning,,,essential,contextual-understanding,slow-evolution,candidate-machine-learning,batch-016-people-capabilities-core,"Candidato para reconocer AI Engineer, distinguir su naturaleza y ubicar su contexto profesional sin convertir la ficha en tutorial.",no,low,mandatory,planned,pending,,
candidate-evaluacion-de-modelos,Evaluación de modelos,Model Evaluation,,competency,,domain-inteligencia-artificial,IA generativa,,,essential,contextual-understanding,slow-evolution,,batch-016-people-capabilities-core,"Candidato para reconocer Evaluación de modelos, distinguir su naturaleza y ubicar su contexto profesional sin convertir la ficha en tutorial.",no,low,mandatory,planned,pending,,
candidate-model-training,Model training,Model Training,,process,,domain-inteligencia-artificial,"ingeniería, evaluación y gobierno de IA",,,important,contextual-understanding,slow-evolution,candidate-machine-learning|candidate-data-pipeline,batch-017-ways-of-working-core,"Candidato para reconocer Model training, distinguir su naturaleza y ubicar su contexto profesional sin convertir la ficha en tutorial.",no,low,recommended,planned,pending,,
candidate-mlops,MLOps,MLOps,,practice,,domain-inteligencia-artificial,fundamentos y sistemas inteligentes,,,important,contextual-understanding,slow-evolution,,batch-017-ways-of-working-core,"Candidato para reconocer MLOps, distinguir su naturaleza y ubicar su contexto profesional sin convertir la ficha en tutorial.",no,medium: no equiparar con una herramienta,recommended,planned,pending,,
candidate-iso-iec-42001,ISO/IEC 42001,ISO/IEC 42001,,standard,,domain-inteligencia-artificial,machine learning,,,important,recognition,versioned-standard,,batch-018-specifications-implementations-core,"Candidato para reconocer ISO/IEC 42001, distinguir su naturaleza y ubicar su contexto profesional sin convertir la ficha en tutorial.",no,low,recommended,planned,pending,,
candidate-generative-ai,Generative AI,Generative Artificial Intelligence,,technology,,domain-inteligencia-artificial,IA generativa,,,emerging,recognition,emerging,candidate-deep-learning,batch-018-specifications-implementations-core,"Candidato para reconocer Generative AI, distinguir su naturaleza y ubicar su contexto profesional sin convertir la ficha en tutorial.",no,low,optional,planned,pending,,"Requiere incertidumbre explícita, evidencia suficiente y revisión futura."
candidate-application-programming-interface,Application Programming Interface,Application Programming Interface,API,concept,,domain-integracion-sistemas-empresariales,APIs e interoperabilidad,domain-desarrollo-software|domain-redes-telecomunicaciones,,essential,contextual-understanding,stable-foundation,candidate-software,batch-013-integration-enterprise-core,"Candidato para reconocer Application Programming Interface, distinguir su naturaleza y ubicar su contexto profesional sin convertir la ficha en tutorial.",yes,"medium: puede ser interfaz, artefacto o servicio",mandatory,planned,pending,,
candidate-interoperabilidad,Interoperabilidad,Interoperability,,concept,,domain-integracion-sistemas-empresariales,mensajería y eventos,domain-redes-telecomunicaciones|domain-datos-analitica|domain-estrategia-gobierno-liderazgo,,essential,contextual-understanding,stable-foundation,candidate-application-programming-interface,batch-013-integration-enterprise-core,"Candidato para reconocer Interoperabilidad, distinguir su naturaleza y ubicar su contexto profesional sin convertir la ficha en tutorial.",yes,low,mandatory,planned,pending,,
candidate-api-lifecycle-management,API lifecycle management,API Lifecycle Management,,process,,domain-integracion-sistemas-empresariales,middleware e integración,,,essential,contextual-understanding,slow-evolution,,batch-017-ways-of-working-core,"Candidato para reconocer API lifecycle management, distinguir su naturaleza y ubicar su contexto profesional sin convertir la ficha en tutorial.",no,low,mandatory,planned,pending,,
candidate-representational-state-transfer,Representational State Transfer,Representational State Transfer,REST,architectural-style,,domain-integracion-sistemas-empresariales,sistemas empresariales,,,essential,contextual-understanding,slow-evolution,candidate-hypertext-transfer-protocol,batch-013-integration-enterprise-core,"Candidato para reconocer Representational State Transfer, distinguir su naturaleza y ubicar su contexto profesional sin convertir la ficha en tutorial.",no,medium: REST no es protocolo,mandatory,planned,pending,,
candidate-event-driven-architecture,Event-Driven Architecture,Event-Driven Architecture,EDA,architectural-style,,domain-integracion-sistemas-empresariales,APIs e interoperabilidad,,,essential,contextual-understanding,slow-evolution,candidate-software,batch-013-integration-enterprise-core,"Candidato para reconocer Event-Driven Architecture, distinguir su naturaleza y ubicar su contexto profesional sin convertir la ficha en tutorial.",no,low,mandatory,planned,pending,,
candidate-saga-pattern,Saga Pattern,Saga Pattern,,pattern,,domain-integracion-sistemas-empresariales,mensajería y eventos,,,essential,contextual-understanding,slow-evolution,candidate-event-driven-architecture,batch-013-integration-enterprise-core,"Candidato para reconocer Saga Pattern, distinguir su naturaleza y ubicar su contexto profesional sin convertir la ficha en tutorial.",no,low,mandatory,planned,pending,,
candidate-api-gateway-pattern,API Gateway Pattern,API Gateway Pattern,,pattern,,domain-integracion-sistemas-empresariales,middleware e integración,,,essential,contextual-understanding,slow-evolution,candidate-application-programming-interface,batch-013-integration-enterprise-core,"Candidato para reconocer API Gateway Pattern, distinguir su naturaleza y ubicar su contexto profesional sin convertir la ficha en tutorial.",no,medium: distinguir patrón de productos gateway,mandatory,planned,pending,,
candidate-hypertext-transfer-protocol,Hypertext Transfer Protocol,Hypertext Transfer Protocol,HTTP,protocol,,domain-integracion-sistemas-empresariales,sistemas empresariales,,,essential,contextual-understanding,versioned-standard,,batch-018-specifications-implementations-core,"Candidato para reconocer Hypertext Transfer Protocol, distinguir su naturaleza y ubicar su contexto profesional sin convertir la ficha en tutorial.",no,low,mandatory,planned,pending,,
candidate-openapi-specification,OpenAPI Specification,OpenAPI Specification,OAS|OpenAPI,standard,,domain-integracion-sistemas-empresariales,APIs e interoperabilidad,,,important,contextual-understanding,versioned-standard,candidate-application-programming-interface,batch-018-specifications-implementations-core,"Candidato para reconocer OpenAPI Specification, distinguir su naturaleza y ubicar su contexto profesional sin convertir la ficha en tutorial.",no,low,recommended,planned,pending,,
candidate-message-broker,Message broker,Message Broker,,platform,,domain-integracion-sistemas-empresariales,mensajería y eventos,,,important,contextual-understanding,changing-tool-product,candidate-event-driven-architecture,batch-018-specifications-implementations-core,"Candidato para reconocer Message broker, distinguir su naturaleza y ubicar su contexto profesional sin convertir la ficha en tutorial.",no,low,recommended,planned,pending,,
candidate-enterprise-resource-planning,Enterprise Resource Planning,Enterprise Resource Planning,ERP,product,,domain-integracion-sistemas-empresariales,middleware e integración,,,important,contextual-understanding,changing-tool-product,candidate-interoperabilidad,batch-018-specifications-implementations-core,"Candidato para reconocer Enterprise Resource Planning, distinguir su naturaleza y ubicar su contexto profesional sin convertir la ficha en tutorial.",no,"medium: familia de producto, no marca",recommended,planned,pending,,
candidate-customer-relationship-management,Customer Relationship Management,Customer Relationship Management,CRM,product,,domain-integracion-sistemas-empresariales,sistemas empresariales,,,important,recognition,changing-tool-product,candidate-interoperabilidad,batch-018-specifications-implementations-core,"Candidato para reconocer Customer Relationship Management, distinguir su naturaleza y ubicar su contexto profesional sin convertir la ficha en tutorial.",no,"medium: familia de producto, no marca",recommended,planned,pending,,
candidate-api-contract,API contract,API Contract,,artifact,,domain-integracion-sistemas-empresariales,APIs e interoperabilidad,,,specialized,recognition,slow-evolution,candidate-application-programming-interface,batch-019-artifacts-measurement-core,"Candidato para reconocer API contract, distinguir su naturaleza y ubicar su contexto profesional sin convertir la ficha en tutorial.",no,low,optional,planned,pending,,
candidate-producto-digital,Producto digital,Digital Product,,concept,,domain-producto-experiencia,producto digital,,,essential,contextual-understanding,stable-foundation,candidate-software,batch-014-product-human-experience-core,"Candidato para reconocer Producto digital, distinguir su naturaleza y ubicar su contexto profesional sin convertir la ficha en tutorial.",no,"medium: distinguir producto, proyecto y servicio",mandatory,planned,pending,,
candidate-usabilidad,Usabilidad,Usability,,concept,,domain-producto-experiencia,análisis de negocio,,,essential,contextual-understanding,stable-foundation,candidate-producto-digital,batch-014-product-human-experience-core,"Candidato para reconocer Usabilidad, distinguir su naturaleza y ubicar su contexto profesional sin convertir la ficha en tutorial.",no,low,mandatory,planned,pending,,
candidate-accesibilidad,Accesibilidad,Accessibility,,principle,,domain-producto-experiencia,investigación y UX,domain-desarrollo-software|domain-ingenieria-software,accessibility,essential,contextual-understanding,stable-foundation,candidate-usabilidad,batch-014-product-human-experience-core,"Candidato para reconocer Accesibilidad, distinguir su naturaleza y ubicar su contexto profesional sin convertir la ficha en tutorial.",yes,low,mandatory,planned,pending,,
candidate-product-manager,Product Manager,Product Manager,,role,,domain-producto-experiencia,accesibilidad y diseño inclusivo,,,essential,contextual-understanding,slow-evolution,candidate-producto-digital,batch-016-people-capabilities-core,"Candidato para reconocer Product Manager, distinguir su naturaleza y ubicar su contexto profesional sin convertir la ficha en tutorial.",no,medium: alcance variable por organización,mandatory,planned,pending,,
candidate-business-analyst,Business Analyst,Business Analyst,,role,,domain-producto-experiencia,producto digital,,,essential,contextual-understanding,slow-evolution,,batch-016-people-capabilities-core,"Candidato para reconocer Business Analyst, distinguir su naturaleza y ubicar su contexto profesional sin convertir la ficha en tutorial.",no,low,mandatory,planned,pending,,
candidate-ux-designer,UX Designer,User Experience Designer,,role,,domain-producto-experiencia,análisis de negocio,,,essential,contextual-understanding,slow-evolution,candidate-usabilidad,batch-016-people-capabilities-core,"Candidato para reconocer UX Designer, distinguir su naturaleza y ubicar su contexto profesional sin convertir la ficha en tutorial.",no,low,mandatory,planned,pending,,
candidate-investigacion-de-usuarios,Investigación de usuarios,User Research,,competency,,domain-producto-experiencia,investigación y UX,,,essential,contextual-understanding,slow-evolution,,batch-016-people-capabilities-core,"Candidato para reconocer Investigación de usuarios, distinguir su naturaleza y ubicar su contexto profesional sin convertir la ficha en tutorial.",no,low,mandatory,planned,pending,,
candidate-user-research,User research,User Research Practice,,practice,,domain-producto-experiencia,accesibilidad y diseño inclusivo,,,important,contextual-understanding,slow-evolution,candidate-investigacion-de-usuarios,batch-017-ways-of-working-core,"Candidato para reconocer User research, distinguir su naturaleza y ubicar su contexto profesional sin convertir la ficha en tutorial.",no,medium: separar competencia y práctica,recommended,planned,pending,,
candidate-a-b-testing,A/B testing,A/B Testing,,technique,,domain-producto-experiencia,producto digital,,,important,contextual-understanding,slow-evolution,,batch-017-ways-of-working-core,"Candidato para reconocer A/B testing, distinguir su naturaleza y ubicar su contexto profesional sin convertir la ficha en tutorial.",no,low,recommended,planned,pending,,
candidate-web-content-accessibility-guidelines,Web Content Accessibility Guidelines,Web Content Accessibility Guidelines,WCAG,standard,,domain-producto-experiencia,análisis de negocio,,,important,contextual-understanding,versioned-standard,candidate-accesibilidad,batch-018-specifications-implementations-core,"Candidato para reconocer Web Content Accessibility Guidelines, distinguir su naturaleza y ubicar su contexto profesional sin convertir la ficha en tutorial.",no,low,recommended,planned,pending,,
candidate-product-backlog,Product backlog,Product Backlog,,artifact,,domain-producto-experiencia,investigación y UX,,,important,contextual-understanding,slow-evolution,candidate-producto-digital,batch-019-artifacts-measurement-core,"Candidato para reconocer Product backlog, distinguir su naturaleza y ubicar su contexto profesional sin convertir la ficha en tutorial.",no,low,recommended,planned,pending,,
candidate-user-story,User story,User Story,,artifact,,domain-producto-experiencia,accesibilidad y diseño inclusivo,,,important,recognition,slow-evolution,candidate-product-backlog,batch-019-artifacts-measurement-core,"Candidato para reconocer User story, distinguir su naturaleza y ubicar su contexto profesional sin convertir la ficha en tutorial.",no,"medium: artefacto, no requisito universal",recommended,planned,pending,,
candidate-tasa-de-conversion,Tasa de conversión,Conversion Rate,,metric,,domain-producto-experiencia,producto digital,,,important,recognition,slow-evolution,,batch-019-artifacts-measurement-core,"Candidato para reconocer Tasa de conversión, distinguir su naturaleza y ubicar su contexto profesional sin convertir la ficha en tutorial.",no,"medium: requiere evento, población y ventana",recommended,planned,pending,,
candidate-estrategia-tecnologica,Estrategia tecnológica,Technology Strategy,,concept,,domain-estrategia-gobierno-liderazgo,estrategia y gobierno de IT,,,essential,contextual-understanding,stable-foundation,candidate-informacion,batch-015-strategy-governance-core,"Candidato para reconocer Estrategia tecnológica, distinguir su naturaleza y ubicar su contexto profesional sin convertir la ficha en tutorial.",no,low,mandatory,planned,pending,,
candidate-gobierno-de-it,Gobierno de IT,IT Governance,,concept,,domain-estrategia-gobierno-liderazgo,arquitectura empresarial,domain-ciberseguridad-riesgo|domain-datos-analitica|domain-inteligencia-artificial,governance,essential,contextual-understanding,stable-foundation,candidate-estrategia-tecnologica,batch-015-strategy-governance-core,"Candidato para reconocer Gobierno de IT, distinguir su naturaleza y ubicar su contexto profesional sin convertir la ficha en tutorial.",yes,low,mandatory,planned,pending,,
candidate-enterprise-architecture,Enterprise Architecture,Enterprise Architecture,,concept,,domain-estrategia-gobierno-liderazgo,"portafolios, programas y proyectos",,,essential,contextual-understanding,stable-foundation,candidate-estrategia-tecnologica,batch-015-strategy-governance-core,"Candidato para reconocer Enterprise Architecture, distinguir su naturaleza y ubicar su contexto profesional sin convertir la ficha en tutorial.",no,medium: no confundir con software o solution architecture,mandatory,planned,pending,,
candidate-agile,Agile,Agile,,conceptual-orientation,,domain-estrategia-gobierno-liderazgo,liderazgo y organización,,,essential,contextual-understanding,stable-foundation,,batch-015-strategy-governance-core,"Candidato para reconocer Agile, distinguir su naturaleza y ubicar su contexto profesional sin convertir la ficha en tutorial.",no,"medium: orientación, no metodología única",mandatory,planned,pending,,
candidate-lean,Lean,Lean,,conceptual-orientation,,domain-estrategia-gobierno-liderazgo,estrategia y gobierno de IT,,,essential,contextual-understanding,stable-foundation,,batch-015-strategy-governance-core,"Candidato para reconocer Lean, distinguir su naturaleza y ubicar su contexto profesional sin convertir la ficha en tutorial.",no,medium: orientación; separar técnicas derivadas,mandatory,planned,pending,,
candidate-enterprise-architect,Enterprise Architect,Enterprise Architect,,role,,domain-estrategia-gobierno-liderazgo,arquitectura empresarial,,,essential,contextual-understanding,slow-evolution,candidate-enterprise-architecture,batch-016-people-capabilities-core,"Candidato para reconocer Enterprise Architect, distinguir su naturaleza y ubicar su contexto profesional sin convertir la ficha en tutorial.",no,low,mandatory,planned,pending,,
candidate-chief-technology-officer,Chief Technology Officer,Chief Technology Officer,CTO,position,,domain-estrategia-gobierno-liderazgo,"portafolios, programas y proyectos",,,essential,contextual-understanding,slow-evolution,candidate-estrategia-tecnologica,batch-016-people-capabilities-core,"Candidato para reconocer Chief Technology Officer, distinguir su naturaleza y ubicar su contexto profesional sin convertir la ficha en tutorial.",no,medium: puesto variable por organización,mandatory,planned,pending,,
candidate-technical-lead,Technical Lead,Technical Lead,Tech Lead|líder técnico,position,,domain-estrategia-gobierno-liderazgo,liderazgo y organización,,,essential,contextual-understanding,slow-evolution,candidate-software,batch-016-people-capabilities-core,"Candidato para reconocer Technical Lead, distinguir su naturaleza y ubicar su contexto profesional sin convertir la ficha en tutorial.",no,medium: puede usarse como rol o puesto,mandatory,planned,pending,,
candidate-liderazgo-tecnico,Liderazgo técnico,Technical Leadership,,competency,,domain-estrategia-gobierno-liderazgo,estrategia y gobierno de IT,,leadership,important,contextual-understanding,slow-evolution,,batch-016-people-capabilities-core,"Candidato para reconocer Liderazgo técnico, distinguir su naturaleza y ubicar su contexto profesional sin convertir la ficha en tutorial.",no,low,recommended,planned,pending,,
candidate-scrum,Scrum,Scrum,,work-framework,,domain-estrategia-gobierno-liderazgo,arquitectura empresarial,,,important,contextual-understanding,slow-evolution,candidate-agile,batch-017-ways-of-working-core,"Candidato para reconocer Scrum, distinguir su naturaleza y ubicar su contexto profesional sin convertir la ficha en tutorial.",no,"medium: framework, no metodología universal",recommended,planned,pending,,
candidate-kanban,Kanban,Kanban,,work-framework,,domain-estrategia-gobierno-liderazgo,"portafolios, programas y proyectos",,,important,contextual-understanding,slow-evolution,candidate-lean,batch-017-ways-of-working-core,"Candidato para reconocer Kanban, distinguir su naturaleza y ubicar su contexto profesional sin convertir la ficha en tutorial.",no,"medium: distinguir método, sistema visual y tablero",recommended,planned,pending,,
candidate-project-management,Project management,Project Management,,methodology,,domain-estrategia-gobierno-liderazgo,liderazgo y organización,,,important,contextual-understanding,slow-evolution,,batch-017-ways-of-working-core,"Candidato para reconocer Project management, distinguir su naturaleza y ubicar su contexto profesional sin convertir la ficha en tutorial.",no,medium: clasificación provisional a verificar en producción,recommended,planned,pending,,
candidate-risk-management,Risk management,Risk Management,,process,,domain-estrategia-gobierno-liderazgo,estrategia y gobierno de IT,,,important,recognition,slow-evolution,candidate-riesgo-tecnologico,batch-017-ways-of-working-core,"Candidato para reconocer Risk management, distinguir su naturaleza y ubicar su contexto profesional sin convertir la ficha en tutorial.",no,low,recommended,planned,pending,,
candidate-key-performance-indicator,Key Performance Indicator,Key Performance Indicator,KPI,indicator,,domain-estrategia-gobierno-liderazgo,arquitectura empresarial,,,specialized,recognition,slow-evolution,,batch-019-artifacts-measurement-core,"Candidato para reconocer Key Performance Indicator, distinguir su naturaleza y ubicar su contexto profesional sin convertir la ficha en tutorial.",no,low,optional,planned,pending,,
